model,n_total,n_positive,positive_pct_all,n,accuracy,f1
HF_Llama_2_13B_dutch,70,70,100.0,65,0.6153846153846154,0.7619047619047619
bert_base_dutch_cased_finetuned_snli,70,69,98.57142857142858,65,0.6307692307692307,0.7692307692307693
robbert_v2_dutch_finetuned_snli,70,63,90.0,65,0.6615384615384615,0.7755102040816326
rob,70,51,72.85714285714285,65,0.7384615384615385,0.8045977011494253
mDeBERTa_v3_base_mnli_xnli,70,46,65.71428571428571,65,0.8,0.8433734939759037
Groq_Llama_70B,70,36,51.42857142857142,65,0.8615384615384616,0.8767123287671232
GPT_4_0,70,30,42.857142857142854,65,0.8153846153846154,0.8235294117647058
robbertje_dutch_finetuned_snli,70,28,40.0,65,0.5538461538461539,0.5538461538461539
